id,darija,eng,darija_ar
1,tilmid 3ando 9odourat fna9ad,A student with strong critique skills,تيلميد عاندو قودورات فناقاد
2,lmo3alim howa 9alb lislah,The teacher is the heart of reform,لموعاليم هووا قالب ليسلاه
3,3lach dol olkarama kayna,Why do countries of dignity exist?,علاش دول أُلكاراما كاينا
4,lkarama khasna n9albo 3liha,We must search for dignity,لكاراما خاسنا نقالبو عليها
5,lghna onachat kolchi bghah,Everyone desires singing and action,لغنا أُناشات كولشي بغاه
6,lbnat labsin tkachat onachtat,Girls wearing tkachat and action,لبنات لابسين تكاشات أُناشتات
7,nachat darouri mano,Action is necessary,ناشات داروري مانو
8,lmakla sihiya hiya lli kat9awi l3dam,Healthy food is what stregthens bones,لماكلا سيهييا هييا اللي كاتقاوي لعدام
9,khasna nsamdo bach nb9aw 3aychin,We must persist so we can stay alive,خاسنا نسامدو باش نبقاو عايشين
10,la hayata liman la hayata laho,There is life for those who he who has no life,لا هاياتا ليمان لا هاياتا لاهو
11,kan9albo 3la lhoriya,we are looking for freedom,كانقالبو علا لهورييا
12,l3osfour kayn fl9afas,The bird exists in the cage,لعسفور أُكاين فلقافاس
13,n3ich hora onmout hora,I live free and I die free,نعيش هورا أُنموت هورا
14,lghorba s3iba,enstragement is hard,لغوربا سعيبا
15,t3ich fblad mn ghir bladak,To live in a land other than your homeland,تعيش فبلاد من غير بلاداك
16,kaychofiuk nas ghrib 3lihoum,People see you as a stranger to them,كايشوفيوك ناس غريب عليهوم
17,zwin tbda b3id 3lihoum,it's good to start far from them,زوين تبدا بعيد عليهوم
18,ihasdouk wakha ma3andak waloo,They envy you even though you have nothing,إهاسدوك واخا ماعانداك والو
19,gatlik kandrabha blil,She told you I beat her at night,ڭاتليك كاندرابها بليل
20,sdat liha fmha bach mathdarch,She closed her mouth for her so she wouldn't speak,سدات ليها فمها باش ماتهدارش
=====================
21,dart liha lmokhadir flkas,I gave her drugs in the glass.,دارت ليها لموخادير فلكاس
22,df3atha otahat mn drouj,She pushed her and fell down the stairs.,دفعاتها أُتاهات من دروج
23,daro group zwin dyal lghna,They formed a nice singing group.,دارو ڭروپ زوين ديال لغنا
24,lil kolo ouhiya katfakar,"she kept thinking throughout the whole night.",ليل كولو وهييا كاتفاكار
25,ma9dratch t9arar wach ghatb9a m3a baha oula m3a khoutha lirbawha,She couldn't decide whether to stay with her father or her siblings who raised her,ماقدراتش تقارار واش غاتبقا معا باها ولا معا خوتها ليرباوها
26,houwa bgha i3raf 3la l9arar dialha,He wanted to know about her decision,هووا بغا إعراف علا لقارار ديالها
27,mchat 3and lmouhamiya ldar,She went to the lawyer's house.,مشات عاند لموهامييا لدار
28,bghat tb9a bouhdha bach tfkar brahtha,She wanted to be alone to think for herself.,بغات تبقا بوهدها باش تفكار براهتها
29,khoutha hayrin kaytsnaw imta iwsl lghd,"her siblings are confused ,they are waiting for tomorrow to arrive",خوتها هايرين كايتسناو إمتا إوسل لغد
30,houma may9drouch i3ichou bla biha,They can't live without her.,هوما مايقدروش إعيشو بلا بيها
31,hiya ghatdi m3aha khouha lmoutawahid ldar,She will take her autistic brother with her to the house.,هييا غاتدي معاها خوها لموتاواهيد لدار
32,khouha kan hawal intahar,Her brother tried to commit suicide.,خوها كان هاوال إنتاهار
33,galiha khaski twjdi rask,He told her that she needs to prepare herself,ڭاليها خاسكي توجدي راسك
34,houma ghaymchiw idirou ijtima3,They will go to hold a meeting,هوما غايمشيو إديرو إجتيماع
35,3andou mohakama lyouma,He has a trial today,عاندو موهاكاما ليوما
36,ghayhakmou 3lih bsijn lmouaabad,They will sentence him to life imprisonment,غايهاكمو عليه بسيجن لمواباد
37,maghaydkhlch lhabs hit 3ta rachwa,He won't enter prison because he gave a bribe,ماغايدخلش لهابس هيت عتا راشوا
38,khraj mn lhabs ou9tlou chi wahad,He got out of prison and someone killed him,خراج من لهابس وقتلو شي واهاد
39,hta wahad ma3araf chkoun li9tlou,No one knows who killed him.,هتا واهاد ماعاراف شكون ليقتلو
40,houwa mojrih oukaystaha9 imout,He is a criminal and deserves to die.,هووا موجريه وكايستاهاق إموت
41,mratou katfakar tnta9am,,مراتو كاتفاكار تنتاقام
42,bghat tnta9am mn li9tlou rajlha,,بغات تنتاقام من ليقتلو راجلها
43,ghadir kolchi bach thakak dakchi libghat,,غادير كولشي باش تهاكاك داكشي ليبغات
44,lbolici khtatf lbnt,,لبوليسي ختاتف لبنت
45,bgha idiha tchouf khtha,,بغا إديها تشوف ختها
46,khtha mrida bzaf,,ختها مريدا بزاف
47,3andha chalal nisfi,,عاندها شالال نيسفي
48,mab9atch ghat9dar tmcha,,مابقاتش غاتقدار تمشا
49,hyatha kamla ghatb9a na3sa flfrach,,هياتها كاملا غاتبقا ناعسا فلفراش
50,khtatfha mn dar bla maychouf hta wahd,,ختاتفها من دار بلا مايشوف هتا واهد
51,daha ldar bach tb9a m3a khtha,,داها لدار باش تبقا معا ختها
52,galt lbabaha bli bghathom kamlin ib9aw bjanbha,,ڭالت لباباها بلي بغاتهوم كاملين إبقاو بجانبها
53,hiya mabghatch tkhsar hta wahad fihom,,هييا مابغاتش تخسار هتا واهاد فيهوم
54,khasinha lflous bach dir 3amaliya lkhtha,,خاسينها لفلوس باش دير عامالييا لختها
55,houma may9droch idiroha hit fo9ara2,,هوما مايقدروش إديروها هيت فوقاراء
56,houwa ghaydir 3amaliya lkhtha,,هووا غايدير عامالييا لختها
57,mn ba3d l3amaliya ghatwli tmchaa,,من باعد لعامالييا غاتولي تمشا
58,houwa may9darch irfad liha talab,,هووا مايقدارش إرفاد ليها تالاب
59,ma9adarch ikhsrha mn ba3d matlakaha,,ماقادارش إخسرها من باعد ماتلاكاها
60,lwalida dialou dkhlat lhabs,,لواليدا ديالو دخلات لهابس
61,hiya likant hzat lbnt mn lbit dmha,,هييا ليكانت هزات لبنت من لبيت دمها
62,dkhlat lhmam bach tghsal whha,,دخلات لهمام باش تغسال وهها
63,dkhlat 3liha wahd lhabasa bghat t9tlha,,دخلات عليها واهد لهاباسا بغات تقتلها
64,mo matat fl habs bla maychofha hta wahad,,مو ماتات فل هابس بلا مايشوفها هتا واهاد
65,chirir sift chi wahad i9tlha flhabs,,شيرير سيفت شي واهاد إقتلها فلهابس
66,houwa mazal ma3raf bli mo matat,,هووا مازال ماعراف بلي مو ماتات
67,ila sma3 lkhbar maghadich i9dar isbar,,إلا سماع لخبار ماغاديش إقدار إسبار
68,sift sahbo i9alab lih 3la lkhatam,,سيفت ساهبو إقالاب ليه علا لخاتام
69,houwa baghi itzawaj biha,,هووا باغي إتزاواج بيها
70,bat lbnt maghadich i9bal bih,,بات لبنت ماغاديش إقبال بيه
71,houwa fa9ir hiya ghaniya,,هووا فاقير هييا غانييا
72,maghadich irda khedam 3andou itzawaj b bntou,,ماغاديش إردا خدام عاندو إتزاواج ب بنتو
73,houwa 3rf bli mo matat ma9darch ithamal,,هووا عرف بلي مو ماتات ماقدارش إتهامال
74,ghanmchi ndowach 3and jirana,,غانمشي ندوواش عاند جيرانا
75,t9ata3 lma 3la dowar kamal,,تقاتاع لما علا دووار كامال
76,hchamt nmchi ndowach 3andhoum,,هشامت نمشي ندوواش عاندهوم
77,tdwach zwin ikoun fsbah,,تدواش زوين إكون فسباه
78,tdwach bzzef kaydir tasa9ot cha3r,,تدواش بزّف كايدير تاساقوت شاعر
79,dart za3tar lcha3ri bach maytih,,دارت زاعتار لشاعري باش مايتيه
80,3lach kadiri l3choub lrasak,,علاش كاديري لعشوب لراساك
81,3mtha khdat lbnt mn lirbawha,,عمتها خدات لبنت من ليرباوها
82,kanou mhliyin fiha bhal 3ailtha,,كانو مهلييين فيها بهال عايلتها
83,makhasha hta haja m3ahoum,,ماخاسها هتا حاجة معاهوم
84,tzwji u yrj3 lmamak flos li khsrti,,تزوجي و يرجع لماماك فلوس لي خسرتي
85,lwld rabih bhal wldk,,لولد رابيه بهال ولدك
86,t3amli mzyan ra 3ndk ajer,,تعاملي مزيان را عندك أجر
87,siri nti ghadori fiha,,سيري نتي غادوري فيها
88,9bl matfkri tkhtari bin zwaj o bin lflous,,قبل ماتفكري تختاري بين زواج أُ بين لفلوس
89,chufi had rajl ta3amol dylo kidayr,,شوفي هاد راجل تاعامول ديلو كيداير
90,houwa makaykhasarch liha,,هووا ماكايخاسارش ليها
91,reh zwaj hada machi l3b drari,,ره زواج هادا ماشي لعب دراري
92,ana jatni wahd lforsa nmchi 3la bra,,أنا جاتني واهد لفورسا نمشي علا برا
93,ana 3andi iltizamat fhad lblad,,أنا عاندي إلتيزامات فهاد لبلاد
94,khdit cridiyat mn lbanca,,خديت كريدييات من لبانكا
95,bghit ndir ma2wa ldrari limtchardin,,بغيت ندير ماءوا لدراري ليمتشاردين
96,hatit fiha tqriban kol flosi,,هاتيت فيها تقريبان كول فلوسي
97,ja wahd siyed baghi khtebni,,جا واهد سييد باغي ختبني
98,knt kn3arfo ch7al hada howa 3aych fbra,,كنت كنعارفو شحال هادا هووا عايش فبرا
99,gali bli y3tini ga3 flous li khsert,,ڭالي بلي يعتيني ڭاع فلوس لي خسرت
100,baghi tzwj biya dwa m3a mama,,باغي تزوج بييا دوا معا ماما
101,howa ando wliyed mn marto lowla,,هووا أندو ولييد من مارتو لوولا
102,dek deri ana nrbih,,دك دري أنا نربيه
103,mchat khlat lih deri fdar,,مشات خلات ليه دري فدار
104,howa galia kayb9a flblad,,هووا ڭاليا كايبقا فلبلاد
105,gali nmchi ndf3 lik wraq bch khrjo lik,,ڭالي نمشي ندفع ليك وراق بش خرجو ليك
106,howa ghayhmaq elia,,هووا غايهماق إليا
107,galia flous ghanrdhom lik,,ڭاليا فلوس غانردهوم ليك
108,nhar khotba njib liha chic,,نهار خوتبا نجيب ليها شيك
109,kitlob fia ana ma3rft achghanndir,,كيتلوب فيا أنا ماعرفت أشغانّدير
110,ana 7ayra fhad lmawdo3,,أنا حايرا فهاد لماودوع
111,wech nkhtar nmchi lbra wla nkhtar siyed,,وش نختار نمشي لبرا ولا نختار سييد
112,ahsan tajriba dwazt hya dyal l ista,,أهسان تاجريبا دوازت هيا ديال ل إستا
113,hya li t3lamt fiha o fhamt,,هيا لي تعلامت فيها أُ فهامت
114,nta o jahdk o kat9atl hit mkhlas,,نتا أُ جاهدك أُ كاتقاتل هيت مخلاس
115,ila maknti sbar matkmalch,,إلا ماكنتي سبار ماتكمالش
116,khti rah hna knt3dbo,,ختي راه هنا كنتعدبو
117,kn9raw kol nhar lyouma sebt o 9arin,,كنقراو كول نهار ليوما سبت أُ قارين
118,kayjib lik khedma b khlas na9es,,كايجيب ليك خدما ب خلاس ناقس
119,ma9arish fiha hua li kay7gerha,,ماقاريسه فيها هوا لي كايحڭرها
120,mchat l3aama ll9br bach t3awd liha,,مشات لعاما اللقبر باش تعاود ليها
121,hsat bli houma likanou khtfou lbnt,,هسات بلي هوما ليكانو ختفو لبنت
122,rah khsk tjibi no9ta mzyana flbak,,راه خسك تجيبي نوقتا مزيانا فلباك
123,nas jabo no9ta flbak omkyt9bloch fiha,,ناس جابو نوقتا فلباك أُمكيتقبلوش فيها
124,maymknch t9arni liya joj hwayj,,مايمكنش تقارني لييا جوج حوايج
125,wlina b7al l mouss madin,,ولينا بحال ل موسّ مادين
126,ila braha yji andha l mdintha,,إلا براها يجي أندها ل مدينتها
127,hia madeplaca 3la wad hed,,هيا مادپلاكا علا واد هد
128,howa ja okharjat 3ando,,هووا جا أُخارجات عاندو
129,tzewji li kaybghik bssah,,تزوجي لي كايبغيك بسّاه
130,diima kaydir lik hssab okaykhaf t9el9i,,ديّما كايدير ليك هسّاب أُكايخاف تقلقي
131,khayaf chi haja derenjik,,خاياف شي حاجة درنجيك
132,tzwji zwaj zwin gher t3rfi m3amen,,تزوجي زواج زوين غر تعرفي معامن
133,dima tkon 3ndk chakhsiya 9wiya,,ديما تكون عندك شاخسييا قوييا
134,momkin che hed iyakhod mnha haja,,مومكين ش هد إياخود منها حاجة
135,la matrj3ch lik flosk,,لا ماترجعش ليك فلوسك
136,khashoum i3arfou fin mchat,,خاسهوم إعارفو فين مشات
137,houma khashoum ichofo lcamirat,,هوما خاسهوم إشوفو لكاميرات
138,ghayshofo fin dazet bash yraj3o kolchi,,غايسهوفو فين دازت باسه يراجعو كولشي
139,houma chfrou lbanca bla may3raf hta hed,,هوما شفرو لبانكا بلا مايعراف هتا هد
140,dkhlou ouhouma dayrin mask,,دخلو وهوما دايرين ماسك
141,lahou mousayil domo3 flbanca,,لاهو موساييل دوموع فلبانكا
142,mnin 3refti rah telfat lik,,منين عرفتي راه تلفات ليك
143,matla9aw hta sabab likhlihoum isr9o,,ماتلاقاو هتا ساباب ليخليهوم إسرقو
144,houma walidihoum labas 3lihoum,,هوما واليديهوم لاباس عليهوم
145,mwafrin lwlashoum kolchi,,موافرين لولاسهوم كولشي
146,dar 3amra khedama,,دار عامرا خداما
147,achnou likhlihom ichfrou bla khawf,,أشنو ليخليهوم إشفرو بلا خاوف
148,houma rah 3isaba,,هوما راه عيسابا
149,sahbhoum khatir fti9niyat,,ساهبهوم خاتير فتيقنييات
150,mabghach islm mo lbolic,,مابغاش إسلم مو لبوليك
151,ma9drch ifrt fiha,,ماقدرش إفرت فيها
152,rahom khtbohom mohandisin,,راهوم ختبوهوم موهانديسين
153,ma galso m3ahom hta chhar harbo,,ما ڭالسو معاهوم هتا شهار هاربو
154,b9at f l3achra ousbar,,بقات ف لعاشرا وسبار
155,wach ntoma mzawjin ?,,واش نتوما مزاوجين ?
156,diro 3aila tkon mhtarma,,ديرو عايلا تكون مهتارما
157,ghaat9raw fdar mn ghda,,غاتقراو فدار من غدا
158,ila makanch ma9arich machi mouchkil,,إلا ماكانش ماقاريش ماشي موشكيل
159,houwa wa3i oukay3raf ihdar,,هووا واعي وكايعراف إهدار
160,bzaf dnas kaukono 9aryin bdon wa3y,,بزاف دناس كوكونو قاريين بدون واعي
161,kanti katchofi fih chofa na9sa,,كانتي كاتشوفي فيه شوفا ناقسا
162,ghi ba3di mno mayslahch lik,,غي باعدي منو مايسلاهش ليك
163,ila ditih khaski tkoni m9tan3aa bih,,إلا ديتيه خاسكي تكوني مقتانعا بيه
164,talbi ghi wald nas ikon mhtaram,,تالبي غي والد ناس إكون مهتارام
165,9ari wla ma9arich machi mohim,,قاري ولا ماقاريش ماشي موهيم
166,l7ayat makatw9af 3la hed,,لحايات ماكاتوقاف علا هد
167,jem3i rassek o diri mosta9balek bra,,جمعي راسّك أُ ديري موستاقبالك برا
168,bghina ndirou chi kharja lbra,,بغينا نديرو شي خارجا لبرا
169,sokti mn sda3 rah 9hrtina,,سوكتي من سداع راه قهرتينا
170,hna ra drna kolchi mn 3andena,,هنا را درنا كولشي من عاندنا
171,kanjibo liha mn 3andena fdar,,كانجيبو ليها من عاندنا فدار
172,ana wsahbti katfawj m3aya fl9a3a,,أنا وساهبتي كاتفاوج معايا فلقاعا
173,kantfakerha kanbghi ndfel 3la rasi,,كانتفاكرها كانبغي ندفل علا راسي
174,l9issm li mchit lih kansabgho ongalss,,لقيسّم لي مشيت ليه كانسابغو أُنڭالسّ
175,mashi hi sekhfa li katchedni,,ماسهي هي سخفا لي كاتشدني
176,chkon likan mcha lmsid mli kan sghir,,شكون ليكان مشا لمسيد ملي كان سغير
177,wld had siyida dak ksida chhal mn mra,,ولد هاد سيييدا داك كسيدا شهال من مرا
178,galou bli kan drab chi mcha,,ڭالو بلي كان دراب شي مشا
179,mo t3dbat m3ah bzaf mli kan sghir,,مو تعدبات معاه بزاف ملي كان سغير
180,mab9ach hdchi khedam,,مابقاش هدشي خدام
181,dekhali lmaw9i3 li9ltlik 3lih,,دخالي لماوقيع ليقلتليك عليه
182,ila kano mhtamin rah ayjwbok,,إلا كانو مهتامين راه أيجوبوك
183,rajli khdmto hadik sowlto lbarh,,راجلي خدمتو هاديك سوولتو لباره
184,gallik rah momkin ythl w yb9a fih kolchi,,ڭالّيك راه مومكين يتهل و يبقا فيه كولشي
185,imta aydowzo o wach ba9i tssjal?,,إمتا أيدووزو أُ واش باقي تسّجال?
186,ana tsjlt l3am lifat majawbni hed,,أنا تسجلت لعام ليفات ماجاوبني هد
187,tamrid outa3lim makhdaminch fihom,,تامريد وتاعليم ماخدامينش فيهوم
188,kayn bhalha 3ande mama,,كاين بهالها عاند ماما
189,knt likantayab fiha l msaman,,كنت ليكانتاياب فيها ل مسامان
190,jablia lah bhal la krmato maerftch mejbnich tyab do f msaman,,جابليا الله بهال لا كرماتو مارفتش مجبنيش تياب دو ف مسامان
191,kaynin bzaf dl fananin fihom soumna,,كاينين بزاف دل فانانين فيهوم سومنا
192,kaydirou vidiohat ohoma kayaklou,,كايديرو ڤيديوهات أُهوما كاياكلو
193,nsaw bli maymknch trdi nas,,نساو بلي مايمكنش تردي ناس
194,makhasnach nhtmou bray2 nas,,ماخاسناش نهتمو برايء ناس
195,ghadi ikhtbha mn khouha lirbaha,,غادي إختبها من خوها ليرباها
196,dart 3amaliya lrjliha,,دارت عامالييا لرجليها
197,kolchi mcha lsbitar,,كولشي مشا لسبيتار
198,lmoutaham khatir,,لموتاهام خاتير
199,kolchi kay3rfou mn chhal hadi,,كولشي كايعرفو من شهال هادي
200,houwa moujrim ma3rof,,هووا موجريم ماعروف
201,mabinathoum hta haja,,مابيناتهوم هتا حاجة
202,kol nhar kaydrab zalzal fhad lblasa,,كول نهار كايدراب زالزال فهاد لبلاسا
203,imta ghatkharji lbra,,إمتا غاتخارجي لبرا
204,ana ghada msafra,,أنا غادا مسافرا
205,had lblad ma3arfa fih hta wahad,,هاد لبلاد ماعارفا فيه هتا واهاد
206,ana ghanbda mn zero fhad lblad,,أنا غانبدا من زرو فهاد لبلاد
207,ana ghankhdem oughandir mosta9bali,,أنا غانخدم وغاندير موستاقبالي
208,libgha chihaja kaywsal liha,,ليبغا شيحاجة كايوسال ليها
209,ba3d lmarat kanstaslmou,,باعد لمارات كانستاسلمو
210,kayw93o masa3ib fhyatna,,كايوقعو ماساعيب فهياتنا
211,ma3amarna makhasna nstaslmou l ayi mochkil,,ماعامارنا ماخاسنا نستاسلمو ل أيي موشكيل
212,khasna nkmlou fhyatna kifma bghat tkoun,,خاسنا نكملو فهياتنا كيفما بغات تكون
213,kolchi khayaf mn had lmoujrim,,كولشي خاياف من هاد لموجريم
214,ajit bach nhdar me3ak 3la lmchro3 dyalna,,أجيت باش نهدار معاك علا لمشروع ديالنا
215,kadhak li fojhi okathdar mora dahri,,كادهاك لي فوجهي أُكاتهدار مورا داهري
216,bach 3erftiha,,باش عرفتيها
217,kolchi kaywssalni tal 3ndi,,كولشي كايوسّالني تال عندي
218,o achno adir ?,,أُ أشنو أدير ?
219,atb9a ghi tefraj fiya ?,,أتبقا غي تفراج فييا ?
220,waaa te7arak dir chi haja,,واا تحاراك دير شي حاجة
221,ach andir fhad l7rira ?,,أش أندير فهاد لحريرا ?
222,kol wahd idir li mslko,,كول واهد إدير لي مسلكو
223,machi me3e9ol,,ماشي معقول
224,wach hadi dark ?,,واش هادي دارك ?
225,ah dari 3ad chritha min 3emi,,أه داري عاد شريتها مين عمي
226,zwina wakha sghira 3ejbatni,,زوينا واخا سغيرا عجباتني
227,mal9iti hta chi mochkil flora9,,مالقيتي هتا شي موشكيل فلوراق
228,la kochi daz howa hadak,,لا كوشي داز هووا هاداك
229,iwa mzyan be3da mat3dbtichi,,إوا مزيان بعدا ماتعدبتيشي
230,bghit nakhd 7a9i min lwart,,بغيت ناخد حاقي مين لوارت
231,ghadi chakhdo ghi sbar chwiya,,غادي شاخدو غي سبار شوييا
232,3bar 3lik hadak howa li jablik tmam,,عبار عليك هاداك هووا لي جابليك تمام
233,ti9a fnfas bla 7odod,,تيقا فنفاس بلا حودود
234,metaf9in zin makayn,,متافقين زين ماكاين
235,howa l9alb lkbir li bghitha ijibha lik,,هووا لقالب لكبير لي بغيتها إجيبها ليك
236,nti makathdri ga3,,نتي ماكاتهدري ڭاع
237,tgoli galssa me3a lbrani,,تڭولي ڭالسّا معا لبراني
238,wach besah hadchi dikrayat ?,,واش بساه هادشي ديكرايات ?
239,kaywosloni khebaro kamlin,,كايووسلوني خبارو كاملين
240,nodi nekharjo lsou9,,نودي نخارجو لسوق
241,ach andiro fih kolchi ghali,,أش أنديرو فيه كولشي غالي
242,3arfa hta ana ma3ndich lflos,,عارفا هتا أنا ماعنديش لفلوس
243,bghit ghi ndor nchof ljadid,,بغيت غي ندور نشوف لجاديد
244,minha nkharjo nbdlo ljaw chwiya,,مينها نخارجو نبدلو لجاو شوييا
245,la la ana 3eyana bezaf,,لا لا أنا عيانا بزاف
246,ghi khlini galssa f dar,,غي خليني ڭالسّا ف دار
247,sf wakha li bghiti akhti,,سف واخا لي بغيتي أختي
248,dak lkhroj tal3 li f rassi,,داك لخروج تالع لي ف راسّي
249,ana benadm li tal3 li f rassi,,أنا بنادم لي تالع لي ف راسّي
250,sakti bla mat7am9ini b hbalk,,ساكتي بلا ماتحامقيني ب هبالك
251,kayn chi ftour,,كاين شي فتور
252,mada9o khayb,,ماداقو خايب
253,chaft aslan lmad dlmdina kidayr,,شافت أسلان لماد دلمدينا كيداير
254,dak l vedio siftato banti,,داك ل ڤديو سيفتاتو بانتي
255,kanakal ontfraj f telephon,,كاناكال أُنتفراج ف تلپهون
256,msakan mazal kaybato fzan9a,,مساكان مازال كايباتو فزانقا
257,man3in 3lihom ibato f dyorhom,,مانعين عليهوم إباتو ف ديورهوم
258,tekarfsna f tri9,,تكارفسنا ف تريق
259,lbo3d o lharara makanbghihomch,,لبوعد أُ لهارارا ماكانبغيهومش
260,ntoma darb 3ndkom zarzal ?,,نتوما دارب عندكوم زارزال ?
261,la hna fblassa be3ida 3la lbo2ra,,لا هنا فبلاسّا بعيدا علا لبوءرا
262,ibnoun mamktabach lik,,إبنون مامكتاباش ليك
263,darori min sbar 7ta twalfi lblassa,,داروري مين سبار حتا توالفي لبلاسّا
264,wakha jiti f blassa be3ida zwina,,واخا جيتي ف بلاسّا بعيدا زوينا
265,fiha maytchaf manadir zwina,,فيها مايتشاف مانادير زوينا
266,fin jat had lblassa ?,,فين جات هاد لبلاسّا ?
267,wa3ra ne9iya saraha hsan min hadik l9dima likant 3endak,,واعرا نقييا ساراها هسان مين هاديك لقديما ليكانت عنداك
268,khasak tkon insan mazyn bach takdar tkamal,,خاساك تكون إنسان مازين باش تاكدار تكامال
269,hadchi ghir lbidaya,,هادشي غير لبيدايا
270,mazal kayn bazaf dyal lhajat zwina,,مازال كاين بازاف ديال لحاجةت زوينا
271,f lhayat makynch chi haja mitaliya,,ف لهايات ماكينش شي حاجة ميتالييا
272,dima khasak tfakar f rask,,ديما خاساك تفاكار ف راسك
273,dima khasak tkon insan motafail,,ديما خاساك تكون إنسان موتافايل
274,lmohim darti li 3lik,,لموهيم دارتي لي عليك
275,kolchi m3a lwa9t ghadi yat9ad,,كولشي معا لواقت غادي ياتقاد
276,khasak tansa wat3raf tkamal,,خاساك تانسا واتعراف تكامال
277,bach ta9dr tastamar,,باش تاقدر تاستامار
278,yamkan ta3ya wati7,,يامكان تاعيا واتيح
279,walakin ghadi tnod,,والاكين غادي تنود
280,wta3rf tkon wahad jdid,,وتاعرف تكون واهاد جديد
281,kayn bazaf maydar,,كاين بازاف مايدار
282,wbazaff dyal lhajat zwina,,وبازافّ ديال لحاجةت زوينا
283,khasak ghir ta3rf kifach dir tsaraf,,خاساك غير تاعرف كيفاش دير تساراف
284,machi mochkil yaw9a3 hadchi,,ماشي موشكيل ياوقاع هادشي
285,lmochkil howa mat3rfch tnod mn ba3d,,لموشكيل هووا ماتعرفش تنود من باعد
286,ghadi tjik wa9t ghadi t9ol hadi nihaya,,غادي تجيك واقت غادي تقول هادي نيهايا
287,min ba3d ghadi ykon kolchi ghir mar7ala,,مين باعد غادي يكون كولشي غير مارحالا
288,lmachakil ghadi taw9a3,,لماشاكيل غادي تاوقاع
289,wghadi tkon hadi hia danya,,وغادي تكون هادي هيا دانيا
290,khasak tkon 9wi bach ta3rf tjawz,,خاساك تكون قوي باش تاعرف تجاوز
291,hadchi machi ghir hadra,,هادشي ماشي غير هادرا
292,kolchi momkin f lahda issali,,كولشي مومكين ف لاهدا إسّالي
293,b7al hta haja maknt,,بحال هتا حاجة ماكنت
294,ghadi tansa ghadi tnod tkaml 3la khedamtak,,غادي تانسا غادي تنود تكامل علا خدامتاك
295,ma3rftch kifach n9olik kanbghik,,ماعرفتش كيفاش نقوليك كانبغيك
296,walakin ghadi n7awl nwaslha lik,,والاكين غادي نحاول نواسلها ليك
297,ghadi nab9a n7awl wn7awl hta ta3rf,,غادي نابقا نحاول ونحاول هتا تاعرف
298,ach kayn f 9albi,,أش كاين ف قالبي
299,mat9albch 3la lmitalia,,ماتقالبش علا لميتاليا
300,hit 3amrk ghadi tal9aha,,هيت عامرك غادي تالقاها
301,khasak ta9lb 3la rsak,,خاساك تاقلب علا رساك
302,mn ghir hadchi makyn walo,,من غير هادشي ماكين والو
303,matkonch m9ala9,,ماتكونش مقالاق
304,thadan wkolchi yfout,,تهادان وكولشي يفوت
305,lhadra machi hia kolchi,,لهادرا ماشي هيا كولشي
306,lhadra machi hia li ghadi twassik,,لهادرا ماشي هيا لي غادي تواسّيك
307,had nhar ghadi nhadro,,هاد نهار غادي نهادرو
308,momkin nhadro mazyn,,مومكين نهادرو مازين
309,chadi waldk 3lia,,شادي والدك عليا
310,ana 3arfa ach kayn,,أنا عارفا أش كاين
311,bla mat9ol lia walo,,بلا ماتقول ليا والو
312,hadchi machi chghalk,,هادشي ماشي شغالك
313,ta3alm dkhol so9 rask,,تاعالم دخول سوق راسك
314,hayati machi hayat,,هاياتي ماشي هايات
315,ghir skot li b7alk makhasoch yhdr,,غير سكوت لي بحالك ماخاسوش يهدر
316,darna labas w3rfna nkamlo,,دارنا لاباس وعرفنا نكاملو
317,nta wahd ma m3ak hadra,,نتا واهد ما معاك هادرا
318,fik haja khayba,,فيك حاجة خايبا
319,machi haka khasha tkon,,ماشي هاكا خاسها تكون
320,sir berd 3la rask,,سير برد علا راسك
321,nji 3andk nti,,نجي عاندك نتي
322,zin lghalat lidreti houwa mahdretich 3la h9ek,,زين لغالات ليدرتي هووا ماهدرتيش علا هقك
323,matkhrjich mn tma hta tl9aw l7al .,,ماتخرجيش من تما هتا تلقاو لحال .
324,nti sekti wakha biyntilha bli ma3jbkch l7al,,نتي سكتي واخا بيينتيلها بلي ماعجبكش لحال
325,kan 3lik twajhiha goli liha hadi machi khdma,,كان عليك تواجهيها ڭولي ليها هادي ماشي خدما
326,radzeyriha wmarat9dch 3la chouha,,رادزيريها وماراتقدش علا شوها
327,ratl9a lik l7el,,راتلقا ليك لحل
328,matbkich wtf9ssi rassk .,,ماتبكيش وتفقسّي راسّك .
329,hdri 3la h9ek wt3awdlk lkhedma.,,هدري علا هقك وتعاودلك لخدما.
330,whta yla madartch m3ak l7el,,وهتا يلا مادارتش معاك لحل
331,ratkouni fchiti fiha 9elbk .,,راتكوني فشيتي فيها قلبك .
332,machi hiya tched lflouss wnti tkhrji bakya,,ماشي هييا تشد لفلوسّ ونتي تخرجي باكيا
333,ana makan3rfk nti makan3rfha hiya,,أنا ماكانعرفك نتي ماكانعرفها هييا
334,lakin hdartak jatni me3e9ola,,لاكين هدارتاك جاتني معقولا
335,ila kan hadchi tra lik m3ahom bjouj,,إلا كان هادشي ترا ليك معاهوم بجوج
336,wrina lkhdma dylhom,,ورينا لخدما ديلهوم
337,bach nty9ouk,,باش نتيقوك
338,awili 3la choha,,أويلي علا شوها
339,aji ahbiba n3awdo lik 3ndi 3la 7sabi,,أجي أهبيبا نعاودو ليك عندي علا حسابي
340,kon dwiti tema machi hta tji,,كون دويتي تما ماشي هتا تجي
341,lghalat fik min ma3jbokch tmak t9olihalhom,,لغالات فيك مين ماعجبوكش تماك تقوليهالهوم
342,3ad mkhlya dak l7ala fydik,,عاد مخليا داك لحالا فيديك
343,dik sa3a ya tbdlik ya 7ydihom,,ديك ساعا يا تبدليك يا حيديهوم
344,hado kaytflaw 3ela nas,,هادو كايتفلاو علا ناس
345,ntoma skto lihom bezaf,,نتوما سكتو ليهوم بزاف
346,awili ma sebagha ma walou,,أويلي ما سباغا ما والو
347,tkhrbi9a hadi saraha,,تخربيقا هادي ساراها
348,siri 3ndhom yhydoh lik,,سيري عندهوم يهيدوه ليك
349,wla ydiro lik whdakhor m9ad,,ولا يديرو ليك وهداخور مقاد
350,makaay3rfush lhaja lash kayssawbha,,ماكايعرفوسه لحاجة لاسه كايسّاوبها
351,saraha khaybin bzaf walakin matrj3ich 3ndhoum,,ساراها خايبين بزاف والاكين ماترجعيش عندهوم
352,bayna hadi hiya khedmthom,,باينا هادي هييا خدمتهوم
353,ana khdetha mn 3ndi wahd lbnt,,أنا خدتها من عندي واهد لبنت
354,mymknsh chhal wa3ra,,ميمكنسه شهال واعرا
355,ana jarabt ch7al men tari9a,,أنا جارابت شحال من تاريقا
356,walo makaysda9ch liya ma3raftch 3lach,,والو ماكايسداقش لييا ماعرافتش علاش
357,db nadamti 3la bant dayra tswirtha?,,دب نادامتي علا بانت دايرا تسويرتها?
358,mabaga hta wahed i3rafha,,ماباڭا هتا واهد إعرافها
359,wakhtii min 9bila we ana kanfkr,,واختيّ مين قبيلا و أنا كانفكر
360,kandhk bohdi fy9ti 3liya lmadi,,كاندهك بوهدي فيقتي علييا لمادي
361,z3ma liyam li kadoz maktwlich,,زعما لييام لي كادوز ماكتوليش
362,bghit ngol siyda li komondat 3 kilo gato hchoma 3lik,,بغيت نڭول سييدا لي كوموندات 3 كيلو ڭاتو هشوما عليك
363,khalitini zarbana khdamto lik okhwiti biya,,خاليتيني زاربانا خدامتو ليك أُخويتي بييا
364,lbnat gololi chno andir db,,لبنات ڭولولي شنو أندير دب
365,kayna wahd khat 3gozti,,كاينا واهد خات عڭوزتي
366,kathchi fiya lhdra,,كاتهشي فييا لهدرا
367,dima osabra liha makndwich m3aha,,ديما أُسابرا ليها ماكندويش معاها
368,lmohim kna wahd nhar kharjna,,لموهيم كنا واهد نهار خارجنا
369,gatli aji ndozo 3andha,,ڭاتلي أجي ندوزو عاندها
370,omchit m3aha,,أُمشيت معاها
371,galt ma3lich nmchi nchofha,,ڭالت ماعليش نمشي نشوفها
372,mchina dkhalna,,مشينا دخالنا
373,mchit ana knwjad kaskrot lihom,,مشيت أنا كنوجاد كاسكروت ليهوم
374,hiya galsa m3a khtha,,هييا ڭالسا معا ختها
375,jat gatl liha khaski tsiy9i had dar odarbiliha chitjfifa haltha,,جات ڭاتل ليها خاسكي تسييقي هاد دار أُداربيليها شيتجفيفا هالتها
376,dwzna l3chiya kandhko,,دوزنا لعشييا كاندهكو
377,jina ana o3gozti ldar,,جينا أنا أُعڭوزتي لدار
378,gatliha lghd lih n3ytolihom lghda,,ڭاتليها لغد ليه نعيتوليهوم لغدا
379,hiya hadik 3ytna lihom hiya owahd khtha khra,,هييا هاديك عيتنا ليهوم هييا أُواهد ختها خرا
380,jaw tghdaw,,جاو تغداو
381,gatlihom hadi limchina 3andha,,ڭاتليهوم هادي ليمشينا عاندها
382,khasni nmchi njma3 dik dar rah moskha,,خاسني نمشي نجماع ديك دار راه موسخا
383,nt9at khtha gatliha mamoskhach lkraya likhlawha hakak,,نتقات ختها ڭاتليها ماموسخاش لكرايا ليخلاوها هاكاك
384,ont9at hiya iwa ligal moskha howa limosakh,,أُنتقات هييا إوا ليڭال موسخا هووا ليموساخ
385,wahd nhar jaw bâto m3ana okadwi m3a khatha,,واهد نهار جاو بâتو معانا أُكادوي معا خاتها
386,matnodich t3awnina,,ماتنوديش تعاونينا
387,hchoma 3lik chno dartlik likadwi 3liha haka,,هشوما عليك شنو دارتليك ليكادوي عليها هاكا
388,ana db mf9osa 3liha oghadi ndirliha choha,,أنا دب مفقوسا عليها أُغادي نديرليها شوها
389,rani sabra mabghitch ndir chimochkil,,راني سابرا مابغيتش ندير شيموشكيل
390,mafhmtch fin kayn lmochkil,,مافهمتش فين كاين لموشكيل
391,wach chihaja mo9adasaa had lmantoj ?,,واش شيحاجة موقاداسا هاد لمانتوج ?
392,fhmoni 3afakom,,فهموني عافاكوم
393,chno baghyti yamchi yatlb.,,شنو باغيتي يامشي ياتلب.
394,3adi hna kamlin khadmin fach makn,,عادي هنا كاملين خادمين فاش ماكن
395,mhim hta wahd may3tina,,مهيم هتا واهد مايعتينا
396,yak khdma li khadm how halal ?,,ياك خدما لي خادم هوو هالال ?
397,awah nta tchhrti,,أواه نتا تشهرتي
398,weld drbna dayer lkhdmto,,ولد دربنا داير لخدمتو
399,kijak had stoun,,كيجاك هاد ستون
400,shablia l osstad lmjnon kissb3,,سهابليا ل أُسّتاد لمجنون كيسّبع
401,mashi wjhek hadak,,ماسهي وجهك هاداك
402,mchi widadi wlkin lkhdma rir dyal rejal,,مشي ويدادي ولكين لخدما رير ديال رجال
403,kaydber 3la raso blmantoj,,كايدبر علا راسو بلمانتوج
404,bndem tydhk ??,,بندم تيدهك ??
405,ntoma hta ymchi itchmkr 3ad yban lihom mhyeb,,نتوما هتا يمشي إتشمكر عاد يبان ليهوم مهيب
406,kaydehko 3lih hit dayr trbouch dlwidad ze3ma .,,كايدهكو عليه هيت داير تربوش دلويداد زعما .
407,mafiha ta 3ib had sora rah mn lfirma dyalo,,مافيها تا عيب هاد سورا راه من لفيرما ديالو
408,siyd 9adi gharad wbnadm kaydhk 3lih elch?,,سييد قادي غاراد وبنادم كايدهك عليه إلش?
409,hit widady khdam 3la rasso,,هيت ويدادي خدام علا راسّو
410,slm khti kdiri tawssil,,سلم ختي كديري تاوسّيل
411,3adi jabha wast l3yalat,,عادي جابها واست لعيالات
412,kato9a3 ra kamdiha fgalbak s3ib tal9ay liti9a otjiblik dakachi lichati,,كاتوقاع را كامديها فڭالباك سعيب تالقاي ليتيقا أُتجيبليك داكاشي ليشاتي
413,dima akhti lhwayj tchdihom nti,,ديما أختي لحوايج تشديهوم نتي
414,9lbi hda livreur bach trj3 lihom ila ma3jbatkch,,قلبي هدا ليڤرور باش ترجع ليهوم إلا ماعجباتكش
415,taman dyalo obnsba ila twskh dak lkhiit bach kaytn9a,,تامان ديالو أُبنسبا إلا توسخ داك لخيّت باش كايتنقا
416,kadiri bhal hado,,كاديري بهال هادو
417,tkhayal dakchi li fbali,,تخايال داكشي لي فبالي
418,la 3ala9a dye3t fih lwe9t,,لا عالاقا ديعت فيه لوقت
419,ch7al f 3mrak,,شحال ف عمراك
420,25 3am 3lach,,25 عام علاش
421,la walo ghi swaltk,,لا والو غي سوالتك
422,kon kanti hadga kon klina chi rfissa min idik,,كون كانتي هادڭا كون كلينا شي رفيسّا مين إديك
423,3awdi li 3la rask,,عاودي لي علا راسك
424,ma3raft mnin nbda,,ماعرافت منين نبدا
425,fima bghiti bday,,فيما بغيتي بداي
426,ana bant wohda mefcha 3nd walidiya,,أنا بانت ووهدا مفشا عند واليدييا
427,ach katgoli,,أش كاتڭولي
428,galt lik nodi jibi li manakal abnadm,,ڭالت ليك نودي جيبي لي ماناكال أبنادم
429,la la banti li hma9iti,,لا لا بانتي لي هماقيتي
430,ach katrwnii ashbti,,أش كاترونيّ أسهبتي
431,bghit nakal sochi 3afak,,بغيت ناكال سوشي عافاك
432,la la mazwinch mafih maytka,,لا لا مازوينش مافيه مايتكا
433,chi dhika bach nswro chi silfi,,شي دهيكا باش نسورو شي سيلفي
434,be9ay hta teghdya,,بقاي هتا تغديا
435,kay3jabni bnadm li dakhl sou9 rasso,,كايعجابني بنادم لي داخل سوق راسّو
436,khli li nemra dyalk,,خلي لي نمرا ديالك
437,sma7 li ma3ndich téléphon,,سماح لي ماعنديش تéلéپهون
438,ana banti makatbghich tn3as liya,,أنا بانتي ماكاتبغيش تنعاس لييا
439,3adi hit na3essa bnhar,,عادي هيت ناعسّا بنهار
440,ne3tih skata hta in3as,,نعتيه سكاتا هتا إنعاس
441,mamezyanach lih skata,,مامزياناش ليه سكاتا
442,reta7i baraka 3lik min tamara,,رتاحي باراكا عليك مين تامارا
443,ana o tamara tzadina 9ad 9ad,,أنا أُ تامارا تزادينا قاد قاد
444,matstahlch wo9ti li 3titak,,ماتستاهلش ووقتي لي عتيتاك
445,bhal ila hna bghina siyaha odoran,,بهال إلا هنا بغينا سيياها أُدوران
446,oskhan 3lina rssna obghina nrtaho,,أُسخان علينا رسّنا أُبغينا نرتاهو
447,hta wahd makrah,,هتا واهد ماكراه
448,ana kan glass ghir 3 ayam ola ktar kanhass blmalal,,أنا كان ڭلاسّ غير 3 أيام أُلا كتار كانهاسّ بلمالال
449,khassani chi haja ndirha,,خاسّاني شي حاجة نديرها
450,hta ana w93li nfs lblan,,هتا أنا وقعلي نفس لبلان
451,flhemam ana wlit chada me3ahom lhdit,,فلهمام أنا وليت شادا معاهوم لهديت
452,l9ithom mafahminch abaghin yhadro bach ytsmaw ki3arfo fkolchi,,لقيتهوم مافاهمينش أباغين يهادرو باش يتسماو كيعارفو فكولشي
453,nari saliti ma3aya,,ناري ساليتي ماعايا
454,mol taxi na9it lih wdnoo mzyan,,مول تاشي ناقيت ليه ودنو مزيان
455,saraha homa mafahmin walo w 7na 3yina nchr7o,,ساراها هوما مافاهمين والو و حنا عيينا نشرحو
456,achno tkhlssi 3liya nmchiw,,أشنو تخلسّي علييا نمشيو
457,aji tchofi howa li mchina lih w sawlna,,أجي تشوفي هووا لي مشينا ليه و ساولنا
458,hda ja hdak chi nhar nmchiwlo,,هدا جا هداك شي نهار نمشيولو
459,saraha kona fliftita7 kolchi kay7ama9,,ساراها كونا فليفتيتاح كولشي كايحاماق
460,bghit nchark m3akom chwiya mn dkchi li kan9ad,,بغيت نشارك معاكوم شوييا من دكشي لي كانقاد
461,chareki me3ana nb9aw nakhedo afekarr,,شاركي معانا نبقاو ناخدو أفكارّ
462,daba nti hadchi kaml kadirih,,دابا نتي هادشي كامل كاديريه
463,sahbtk anblokiha katnez 3lina,,ساهبتك أنبلوكيها كاتنز علينا
464,hay hay 3la l7adga dyalna,,هاي هاي علا لحادڭا ديالنا
465,khti mahtajak f hyati,,ختي ماهتاجاك ف هياتي
466,nari rajli meskin day3 kandir ghir sda wehda,,ناري راجلي مسكين دايع كاندير غير سدا وهدا
467,a fink? charki m3a nas dakchi li katwejdi,,أ فينك? شاركي معا ناس داكشي لي كاتوجدي
468,dik mri9a b loubia o btata,,ديك مريقا ب لوبيا أُ بتاتا
469,fach kendira ana kyji darbha zelzal,,فاش كنديرا أنا كيجي داربها زلزال
470,3mri 3rftha kt9ad hakak,,عمري عرفتها كتقاد هاكاك
471,khsni nshri tbasel bhal hado,,خسني نسهري تباسل بهال هادو
472,lebnat ana bghit n9as f lwazn,,لبنات أنا بغيت نقاس ف لوازن
473,chno tns7oni ndir,,شنو تنسحوني ندير
474,3afak wach had wa9i chams zwina?,,عافاك واش هاد واقي شامس زوينا?
475,makatkhalich dik lbyouda ?,,ماكاتخاليش ديك لبيودا ?
476,golili wach maktzere9ch lojah?,,ڭوليلي واش ماكتزرقش لوجاه?
477,wach makatb9ach ?,,واش ماكاتبقاش ?
478,n9edro n3awdo mayizena b thin?,,نقدرو نعاودو ماييزنا ب تهين?
479,ay ay ay 3la zine lghzal,,أي أي أي علا زين لغزال
480,wa9ila khedama hdaya,,واقيلا خداما هدايا
481,yak makaykhrej lhboub flwjeh ?,,ياك ماكايخرج لهبوب فلوجه ?
482,3afak kifach isti3mal dyalha?,,عافاك كيفاش إستيعمال ديالها?
483,oche7al deyal we9t bach tiban natija!?,,أُشحال ديال وقت باش تيبان ناتيجا!?
484,kon darti liha sokar glasi man lfou9,,كون دارتي ليها سوكار ڭلاسي مان لفوق
485,wach 3ndk hafla wmaja tawahd,,واش عندك هافلا وماجا تاواهد
486,hadchi ghi 7dakom siro tnchto chwiya,,هادشي غي حداكوم سيرو تنشتو شوييا
487,chkon khedamlik f drari,,شكون خدامليك ف دراري
488,ina blassa b debt,,إنا بلاسّا ب دبت
489,koun kanet 3ndi tomobil,,كون كانت عندي توموبيل
490,nji daba lebsa diali msebna m7edda,,نجي دابا لبسا ديالي مسبنا محدّا
491,khti wach mazalin badyin nji daba?,,ختي واش مازالين باديين نجي دابا?
492,kaytalbo laghla akhti,,كايتالبو لاغلا أختي
493,3ndhum dakchi n9i9i w kayb9aw tal 3h d sbah,,عندهوم داكشي نقيقي و كايبقاو تال عه د سباه
494,kayn akhti mossawira bnt,,كاين أختي موسّاويرا بنت
495,ila britiha zewina saraha,,إلا بريتيها زوينا ساراها
496,chofo lbent latkon w93at liha chi 7aja,,شوفو لبنت لاتكون وقعات ليها شي حاجا
497,malo hwa ma3ndoch double lhbal hada,,مالو هوا ماعندوش دوبل لهبال هادا
498,khti ana kansken hedak w beghit nkhdem,,ختي أنا كانسكن هداك و بغيت نخدم
499,w 3laach maymchich malou dayer idrab 3la lkhdma ?,,و علاش مايمشيش مالو داير إدراب علا لخدما ?
500,rah dayer idrab 3la lmouchkil li 3andou,,راه داير إدراب علا لموشكيل لي عاندو
501,wa3dini ghadi t3alji,,واعديني غادي تعالجي
502,fo9ach akhti gadi thti joza2e tani,,فوقاش أختي ڭادي تهتي جوزاء تاني
503,na9raw hâta yahfaw lina l3aynin.,,ناقراو هâتا ياهفاو لينا لعاينين.
504,omal9awch l9issa kamla bana9as ga3,,أُمالقاوش لقيسّا كاملا باناقاس ڭاع
505,isti9ala aslan mkychdohach,,إستيقالا أسلان مكيشدوهاش
506,matswlich rask had ass2ila ghyhm9ok,,ماتسوليش راسك هاد أسّإلا غيهمقوك
507,nti machi mas2oula 3la ta3amol dyalo,,نتي ماشي ماسأولا علا تاعامول ديالو
508,wld lhram wla mrid nafssi,,ولد لهرام ولا مريد نافسّي
509,mamrbich mochkilto hadik,,مامربيش موشكيلتو هاديك
510,yak kathti rassk 3la lossada kathssi brassk martha ?,,ياك كاتهتي راسّك علا لوسّادا كاتهسّي براسّك مارتها ?
511,ma2aditi had ?,,ماأديتي هاد ?
512,saf howa ymchi y3awd lmo,,ساف هووا يمشي يعاود لمو
513,bil3akes hadchi li dar l3ak,,بيلعاكس هادشي لي دار لعاك
514,khayb ghadi yekarhek fih,,خايب غادي يكارهك فيه
515,nessay o kouni 9wiya,,نسّاي أُ كوني قوييا
516,3ichi 7yatk,,عيشي حياتك
517,weli 7essen kif konti,,ولي حسّن كيف كونتي
518,nhar ychofk,,نهار يشوفك
519,y3eraf bli rah nti 7essn mno bezaf,,يعراف بلي راه نتي حسّن منو بزاف
520,rah kyn li nti diri fih lkhayer o howa yetkber 3lik,,راه كين لي نتي ديري فيه لخاير أُ هووا يتكبر عليك
521,mkberch fi lkhair,,مكبرش في لخاير
522,ib9a fik lhal 3la wdit wahd fra9kom chi had,,إبقا فيك لحال علا وديت واهد فراقكوم شي هاد
523,ama hada ga3 mayb9a fik lhal,,أما هادا ڭاع مايبقا فيك لحال
524,machi nti lwla ola la khra litla9ti,,ماشي نتي لولا أُلا لا خرا ليتلاقتي
525,nssayh otfakri bli alalh makaydir ghir lifiha lkhiir,,نسّايه أُتفاكري بلي ألاله ماكايدير غير ليفيها لخيّر
526,wach konti kat3awnih chwiya ?,,واش كونتي كاتعاونيه شوييا ?
527,la howa limkalaf bi kolchi,,لا هووا ليمكالاف بي كولشي
528,tla9 machi nihayat l3alam,,تلاق ماشي نيهايات لعالام
529,bi3 bach mabghiti sla3tak hadik,,بيع باش مابغيتي سلاعتاك هاديك
530,mabrok 3likom fo9ach l3ars.,,مابروك عليكوم فوقاش لعارس.
531,tra likom film hindi,,ترا ليكوم فيلم هيندي
532,blati blati wach hadchi bsah wla hi ktbtih wsafi,,بلاتي بلاتي واش هادشي بساه ولا هي كتبتيه وسافي
533,ana kankhaf man9rach,,أنا كانخاف مانقراش
534,la akhti ma blanch hada maymknch,,لا أختي ما بلانش هادا مايمكنش
535,wa khty ila jina ndwiw 3la lhwayj li kidoro maghadich nessaliw,,وا ختي إلا جينا ندويو علا لحوايج لي كيدورو ماغاديش نسّاليو
536,mnin jabti dak lfors li dayra o dak zit,,منين جابتي داك لفورس لي دايرا أُ داك زيت
537,m3il9a dyal maticha d hok,,معيلقا ديال ماتيشا د هوك
538,lhrira mara f chhal,,لهريرا مارا ف شهال
539,darba chabakia ou sefanj 3amr zit,,داربا شاباكيا و سفانج عامر زيت
540,hiya dart bezaf,,هييا دارت بزاف
541,ana tandir nisf 7aba barba sghiira m3a maticha,,أنا تاندير نيسف حابا باربا سغيّرا معا ماتيشا
542,ila kant maticha bldiya w7amra makat7taji ta 7aja,,إلا كانت ماتيشا بلدييا وحامرا ماكاتحتاجي تا حاجا
543,wch kadwra biha wla kat3mla flowl ?,,وش كادورا بيها ولا كاتعملا فلوول ?
544,awili 3la lbarba flhrira,,أويلي علا لباربا فلهريرا
545,fikra zwina daba njerebha,,فيكرا زوينا دابا نجربها
546,kideroha f mahalat dyal msamn o dakchi m3rofa,,كيدروها ف ماهالات ديال مسامن أُ داكشي معروفا
547,kola mara bach kanzaw9ha katji ra2i3a,,كولا مارا باش كانزاوقها كاتجي راإعا
548,wlah ma kdabti,,ولاه ما كدابتي
549,hiya lwa7ida li sad9at,,هييا لواحيدا لي سادقات
550,3tina lwsfa dyal basbousstk nsawboha,,عتينا لوسفا ديال باسبوسّتك نساوبوها
551,ma9adir 3inak mizanak,,ماقادير عيناك ميزاناك
552,hahia wajda t7amar lawjah,,هاهيا واجدا تحامار لاوجاه
553,kheti chhal t9am 3lik hadchi,,ختي شهال تقام عليك هادشي
554,katrkezo 3ela ad9e tafasil,,كاتركزو علا أدق تافاسيل
555,bchrtk hsassa,,بشرتك هساسّا
556,maknch 3lik takhdi lhmar,,ماكنش عليك تاخدي لهمار
557,kifch nt3aml m3ah wana sakna m3a 3gozty,,كيفش نتعامل معاه وانا ساكنا معا عڭوزتي
558,bayn lhssab mn lwal,,باين لهسّاب من لوال
559,mabantch liya lflos,,مابانتش لييا لفلوس
560,bant liya sokna m3a mo hiya lowla!,,بانت لييا سوكنا معا مو هييا لوولا!
561,fakri khti mzyan,,فاكري ختي مزيان
562,had nawi iraj3 flos seda9,,هاد ناوي إراجع فلوس سداق
563,hna rah mzewjin machi m3achrin,,هنا راه مزوجين ماشي معاشرين
564,kola ihot flosso,,كولا إهوت فلوسّو
565,dhniha b zit w mra mra hrkiha katji zwina,,دهنيها ب زيت و مرا مرا هركيها كاتجي زوينا
566,khaski t9t3iha r9i9a,,خاسكي تقتعيها رقيقا
567,ot9lbiha fach tkon tib,,أُتقلبيها فاش تكون تيب
568,7erkiha hta tib,,حركيها هتا تيب
569,btata db kayna ghir dyal frigo makatjich zwina bezaf,,بتاتا دب كاينا غير ديال فريڭو ماكاتجيش زوينا بزاف
570,kan9ata3ha chwia ghlida,,كانقاتاعها شويا غليدا
571,kan3awd naghsalha w hia m9at3a,,كانعاود ناغسالها و هيا مقاتعا
572,kan9as chwia dyal ncha dyalha,,كانقاس شويا ديال نشا ديالها
573,w ma9la ghar9a kandir zit taskhon mazyane,,و ماقلا غارقا كاندير زيت تاسخون مازيان
574,kanarmiha w kan9os lbota b7ala katsla9 kan7ayadha,,كانارميها و كانقوس لبوتا بحالا كاتسلاق كانحايادها
575,w nkhaliha tabrad w n3awd n9liha,,و نخاليها تابراد و نعاود نقليها
576,bach tgarmal men barra w ldakhal kaykoun rtab,,باش تڭارمال من بارّا و لداخال كايكون رتاب
577,diri lmal7a w lkhal w mghrofa kbira dial zit.,,ديري لمالحا و لخال و مغروفا كبيرا ديال زيت.
578,kant dayra idar inwi b 186 dh,,كانت دايرا إدار إنوي ب 186 ده
579,lblassa lifiha db mafihach inwi,,لبلاسّا ليفيها دب مافيهاش إنوي
580,daba y3iyt lik,,دابا يعييت ليك
581,lhaka dayra had chhar,,لهاكا دايرا هاد شهار
582,momkin tkhedmi b bita9a sim,,مومكين تخدمي ب بيتاقا سيم
583,khaliha f yed lah o li mektaba like hiya hadike,,خاليها ف يد الله أُ لي مكتابا ليك هييا هاديك
584,diri talab l2ilgha2,,ديري تالاب لإلغاء
585,rah mazal lhal obchwia 3lik,,راه مازال لحال أُبشويا عليك
586,homa aylghiwha lik rah ana lghitha l3am lfayt,,هوما أيلغيوها ليك راه أنا لغيتها لعام لفايت
587,kant dazt moda twila o9blo lia talab,,كانت دازت مودا تويلا أُقبلو ليا تالاب
588,3awdi lina tajriba dyalk,,عاودي لينا تاجريبا ديالك
589,li3endha chi haja dirha,,ليعندها شي حاجة ديرها
590,bach igolo flouss tss7i7 bano 3lihom,,باش إڭولو فلوسّ تسّحيح بانو عليهوم
591,wakha mzewer machi mochkil,,واخا مزور ماشي موشكيل
592,lbnat li bghaw sbibtat dyal sandrella 9bel maytsalaw,,لبنات لي بغاو سبيبتات ديال ساندرلّا قبل مايتسالاو
593,3adi khti siri 3ando nichan w9ouliha lih b adab .,,عادي ختي سيري عاندو نيشان وقوليها ليه ب أداب .
594,hadi mafiha walo .,,هادي مافيها والو .
595,khdmt 8 snin,,خدمت 8 سنين
596,dwzt 5 ro2assa wa7d fihom li kan modir,,دوزت 5 روأسّا واحد فيهوم لي كان مودير
597,9adi safha f instagram hssan,,قادي سافها ف إنستاڭرام هسّان
598,ana khditha b 18dhs wal bara7,,أنا خديتها ب 1هدهس وال باراح
599,bghit nachriha o ndirha f frigo,,بغيت ناشريها أُ نديرها ف فريڭو
600,ma3raftch wach matakhsarch za3ma?,,ماعرافتش واش ماتاخسارش زاعما?
601,wakha ghi l ramdan li katwali b 50dhs,,واخا غي ل رامدان لي كاتوالي ب خ0دهس
602,ma3raft 3lach ana matht f dyal 8 dh,,ماعرافت علاش أنا ماتهت ف ديال 8 ده
603,imta tba3t htit fiha 20dh,,إمتا تباعت هتيت فيها ء0ده
604,hadi machi zwina zwina hia dik lka7la,,هادي ماشي زوينا زوينا هيا ديك لكاحلا
605,la akhti ri fr9iha 3la joj 7iydi mnha l3dem w diriha ftlaja,,لا أختي ري فرقيها علا جوج حييدي منها لعدم و ديريها فتلاجا
606,bzaf li l9ithom jaybin wladhom,,بزاف لي لقيتهوم جايبين ولادهوم
607,tahiya kbira lihom,,تاهييا كبيرا ليهوم
608,iwa hadik hya lmra lhora,,إوا هاديك هيا لمرا لهورا
609,lwld wach 3aych m3a mamah,,لولد واش عايش معا ماماه
610,sbri db tl9ay liystahlk,,سبري دب تلقاي لييستاهلك
611,tsnay ta nhar tlat ghadi ikon iftitah,,تسناي تا نهار تلات غادي إكون إفتيتاه
612,chidi noba dyalk tkoni nti lowla bach takhdih,,شيدي نوبا ديالك تكوني نتي لوولا باش تاخديه
613,wafin kayn had lma7al ?,,وافين كاين هاد لماحال ?
614,zwine wakha tawel flawel,,زوين واخا تاول فلاول
615,kangol mo7al yhdar 3la 3o9obat w l maham,,كانڭول موحال يهدار علا عوقوبات و ل ماهام
616,tare9 l kolchi ana aslan kay3jabni dak siyed,,تارق ل كولشي أنا أسلان كايعجابني داك سييد
617,nti makatmergich,,نتي ماكاتمرڭيش
618,wajhak 9asah,,واجهاك قاساه
619,had no3 ghadi tchofi m3ah lwil,,هاد نوع غادي تشوفي معاه لويل
620,walayni tmimi3a m3a rassk,,والايني تميميعا معا راسّك
621,koun matchrtish bzf,,كون ماتشرتيسه بزف
622,yjib lik dkchi bla matgoliha,,يجيب ليك دكشي بلا ماتڭوليها
623,y3tik floss bach t9day wchri b do9ek,,يعتيك فلوسّ باش تقداي وشري ب دوقك
624,7atha lik m3youra,,حاتها ليك معيورا
625,nti zedti fih matchofixh lfo9 bzaf,,نتي زدتي فيه ماتشوفيشه لفوق بزاف
626,wa9ila mato ftri9,,واقيلا ماتو فتريق
627,3ejbni dakchi mtiwel machallah,,عجبني داكشي متيول ماشالّاه
628,te9diti mi3nat ghziwline,,تقديتي ميعنات غزيولين
629,jomo3a mobaraka,,جوموعا موباراكا
630,chkon mdekhela l wifi,,شكون مدخلا ل ويفي
631,hiya libghit n3awd ndir .,,هييا ليبغيت نعاود ندير .
632,frask jawbt machaftch chkon swal,,فراسك جاوبت ماشافتش شكون سوال
633,d7akt 3la rasi,,دحاكت علا راسي
634,hta gltiha 3ad 9lbt oban li,,هتا ڭلتيها عاد قلبت أُبان لي
635,malo mkhbi mskin,,مالو مخبي مسكين
636,mni kant l3goza 3goza o l3rosa 3erosa o rajl rajl,,مني كانت لعڭوزا عڭوزا أُ لعروسا عروسا أُ راجل راجل
637,fiha lhdid ktar mn l3dass,,فيها لهديد كتار من لعداسّ
638,kikadri ter9ad ?,,كيكادري ترقاد ?
639,kr9dhm f sabon 3ad kndirhom ytsbno,,كرقدهم ف سابون عاد كنديرهوم يتسبنو
640,darti ch haja likatsaban sofa,,دارتي ش حاجة ليكاتسابان سوفا
641,fin khditiha akhti ?,,فين خديتيها أختي ?
642,ina mdina ?,,إنا مدينا ?
643,fenin louinat metnass9in bessaha oraha,,فنين لوينات متناسّقين بسّاها أُراها
644,zwinin akhti ch7al bach t9amo 3lik ?,,زوينين أختي شحال باش تقامو عليك ?
645,iwa chti ha rabi khlsak,,إوا شتي ها رابي خلساك
646,wnb9a nashak yomiyan,,ونبقا ناسهاك يومييان
647,awili zela9eti fayn kano 3ayenk ?,,أويلي زلاقتي فاين كانو عاينك ?
648,dakhli wa7d tatbi9 zwin,,داخلي واحد تاتبيق زوين
649,ana n7at ha lik bach ta3arfiha,,أنا نحات ها ليك باش تاعارفيها
650,ila derti scane ghadi t3arfi wach takhdiha w la la,,إلا درتي سكان غادي تعارفي واش تاخديها و لا لا
651,ah waliti takhroj lmarche,,أه واليتي تاخروج لمارش
652,katji massdoum,,كاتجي ماسّدوم
653,flouss makaynach,,فلوسّ ماكايناش
654,olghla mab9atch chi haja rekhissa,,أُلغلا مابقاتش شي حاجة رخيسّا
655,nass rah darori tchri bach takl,,ناسّ راه داروري تشري باش تاكل
656,bsla o khyzo mn daroriya,,بسلا أُ خيزو من دارورييا
657,wakha yghla ghadi ychriwh,,واخا يغلا غادي يشريوه
658,driwch rah had chi li ychri mskin,,دريوش راه هاد شي لي يشري مسكين
659,mazai mchfna waio,,مازاي مشفنا وايو
660,tsnaw aighia iighaykon f bidayat 2024,,تسناو أيغيا اليغايكون ف بيدايات 2024
661,wahd wald 3ami n9albo lih 3la mra owalo,,واهد والد عامي نقالبو ليه علا مرا أُوالو
662,ila skna f mdina fiha lbhar ri blach,,إلا سكنا ف مدينا فيها لبهار ري بلاش
663,khdithom matsdawch,,خديتهوم ماتسداوش
664,sinin hadi ohoma.kynin 3ndi,,سينين هادي أُهوما.كينين عندي
665,tsadaw lia,,تساداو ليا
666,nasi7a mani matakhdihmch,,ناسيحا ماني ماتاخديهمش
667,3andi dyal granit mazwininch,,عاندي ديال ڭرانيت مازوينينش
668,la9ra3i dyal zite tatkhsar lihom sadada,,لاقراعي ديال زيت تاتخسار ليهوم سادادا
669,m3a lmoda kibdaw yat9achro,,معا لمودا كيبداو ياتقاشرو
670,moda 3ndi saraha kanghslhom wnchfhom,,مودا عندي ساراها كانغسلهوم ونشفهوم
671,hadi 9isa twila fiha ajzaa2 makmltich lkmala dyalha,,هادي قيسا تويلا فيها أجزاء ماكملتيش لكمالا ديالها
672,hadi mswba bash te3alji biha jroha,,هادي مسوبا باسه تعالجي بيها جروها
673,maghadish tmtasso bachra dyalk,,ماغاديسه تمتاسّو باشرا ديالك
674,fiha antibiotic li khayb lbachra,,فيها أنتيبيوتيك لي خايب لباشرا
675,khas tkoni f shi mdina matkon fiha rotoba,,خاس تكوني ف سهي مدينا ماتكون فيها روتوبا
676,ila kan ljaw nachf,,إلا كان لجاو ناشف
677,rah atjr lik rotoba mn wjhak,,راه أتجر ليك روتوبا من وجهاك
678,ghadi tnchaf lik wjhak,,غادي تنشاف ليك وجهاك
679,kant khrajtha tbiba lmama 3la 9bl whd lhba nadt liha fnifha ou hydtha liha,,كانت خراجتها تبيبا لماما علا قبل وهد لهبا نادت ليها فنيفها و هيدتها ليها
680,ila kan wjehk dohni khodi dyal romain,,إلا كان وجهك دوهني خودي ديال روماين
681,as3ab mawdo3 3ndi fhyaty,,أسعاب ماودوع عندي فهياتي
682,had no3 dial bechra ana wlah ma3erftha,,هاد نوع ديال بشرا أنا ولاه ماعرفتها
683,bghit nchrk m3akoum aswae tjriba,,بغيت نشرك معاكوم أسوا تجريبا
684,3echftha f hyati,,عشفتها ف هياتي
685,bach matihouch f nafs l mouchkil,,باش ماتيهوش ف نافس ل موشكيل
686,kant kan9lab 3la villa lkra fiha la piscine,,كانت كانقلاب علا ڤيلّا لكرا فيها لا پيسسين
687,bant liya wohda f facebook,,بانت لييا ووهدا ف فاسبوك
688,ftsawar bayna kbira o n9iya,,فتساوار باينا كبيرا أُ نقييا
689,z3ma chi haja dyal rfi3 b 1700 dh,,زعما شي حاجة ديال رفيع ب 1700 ده
690,3yat l siyad 9alk bghit tasbi9,,عيات ل سيياد قالك بغيت تاسبيق
691,o tjiw tchoufouha,,أُ تجيو تشوفوها
692,hzit wlidati w l walid w rajli w mchina,,هزيت وليداتي و ل واليد و راجلي و مشينا
693,mnin wslna ya lbnat,,منين وسلنا يا لبنات
694,tsdamt dakchi mosakh,,تسدامت داكشي موساخ
695,dar m9loba,,دار مقلوبا
696,riha dyal l garou katkhna9,,ريها ديال ل ڭارو كاتخناق
697,ma9dinach nglsou fiha,,ماقديناش نڭلسو فيها
698,w chrab f lkissan,,و شراب ف لكيسّان
699,kan 3lik hta tchofiha 3ad kriha,,كان عليك هتا تشوفيها عاد كريها
700,ana yalah kont karya wahda,,أنا يالاه كونت كاريا واهدا
701,hta chaftha 3ad khlast,,هتا شافتها عاد خلاست
702,lah y3amrha sal3a,,الله يعامرها سالعا
703,kolchi 3ndha rezal ne9a,,كولشي عندها رزال نقا
704,chno ma9labti katl9ayh 3andha,,شنو ماقلابتي كاتلقايه عاندها
705,piscine hna fih ou kayji l3sas belil yna9ih,,پيسسين هنا فيه و كايجي لعساس بليل يناقيه
706,kanfi9o fsbah kal9awh ne9i,,كانفيقو فسباه كالقاوه نقي
707,hadi kan fiha tzandi9,,هادي كان فيها تزانديق
708,konti thayhi 3lih yradlik flossk,,كونتي تهايهي عليه يرادليك فلوسّك
709,wakha tbato f fondo9,,واخا تباتو ف فوندوق
710,saraha mazwinach katban mzyta flwjh,,ساراها مازويناش كاتبان مزيتا فلوجه
711,mli kandirha 3ad makatchd fiya chamch ktr,,ملي كانديرها عاد ماكاتشد فييا شامش كتر
712,ma7bithach katb9a mzyta f lwjh,,ماحبيتهاش كاتبقا مزيتا ف لوجه
713,wallh hta kndoz kola nhar,,والّه هتا كندوز كولا نهار
714,knb9a nchof f rssi fjaj o kndhk,,كنبقا نشوف ف رسّي فجاج أُ كندهك
715,kngol waw 3mrni kont kntkhyl rssi ghnkon haka,,كنڭول واو عمرني كونت كنتخيل رسّي غنكون هاكا
716,ky3jbni rassi bazf,,كيعجبني راسّي بازف
717,ktchdni lbakia,,كتشدني لباكيا
718,kant karita o 3mar chihad nsahni,,كانت كاريتا أُ عمار شيهاد نساهني
719,taghyiir kyji mnk nti mn ldakhl dyalk,,تاغييّر كيجي منك نتي من لداخل ديالك
720,ana derte regime o n9asste,,أنا درت رڭيم أُ نقاسّت
721,khafte gha yji ramdan narj3 kif kante,,خافت غا يجي رامدان نارجع كيف كانت
722,rani zadte wahd 3 kilo,,راني زادت واهد 3 كيلو
723,katjini ghriba fach knchuf chi 7ed n9es,,كاتجيني غريبا فاش كنشوف شي حد نقس
724,kayban li mosta7il ndir bhalo,,كايبان لي موستاحيل ندير بهالو
725,3rada dartha lkhouya ou mrato,,عرادا دارتها لخويا و مراتو
726,lbnat wach had pomada mzyana lhboub?,,لبنات واش هاد پومادا مزيانا لهبوب?
727,chakratha liya wahd lbnt,,شاكراتها لييا واهد لبنت
728,khaftha tkoun khayba lwjah,,خافتها تكون خايبا لوجاه
729,ma3raftch 3lach 3tawha had smiya,,ماعرافتش علاش عتاوها هاد سمييا
730,katb9a men ahssan hlawi dlacreme 3andi,,كاتبقا من أهسّان هلاوي دلاكرم عاندي
731,hadi b mada9 ananas,,هادي ب ماداق أناناس
732,s9itha b 3assir limon,,سقيتها ب عاسّير ليمون
733,lhboba fo9 jlda dras,,لهبوبا فوق جلدا دراس
734,kolha ryos dayra bhal chi worda,,كولها ريوس دايرا بهال شي ووردا
735,hiya 3ndi mni kont sghira,,هييا عندي مني كونت سغيرا
736,moekharan bdat katkbar,,موخاران بدات كاتكبار
737,ma3raft wach kathyad olala,,ماعرافت واش كاتهياد أُلالا
738,chno ndir liha ?,,شنو ندير ليها ?
739,lifat liha chft bhal had lhla,,ليفات ليها شفت بهال هاد لهلا
740,3la malha la3robiya ?,,علا مالها لاعروبييا ?
741,kif jatak akhti ?,,كيف جاتاك أختي ?
742,katbani liya hagra la3robiya,,كاتباني لييا هاڭرا لاعروبييا
743,nari makanhmlhach,,ناري ماكانهملهاش
744,ila bgha rajli i3sabni kaygoliya fin ahobi,,إلا بغا راجلي إعسابني كايڭولييا فين أهوبي
745,3lach kangolo 3la ayi haja khayba,,علاش كانڭولو علا أيي حاجة خايبا
746,kangolo 3liha 3roubia,,كانڭولو عليها عروبيا
747,mn khirha 3aychin,,من خيرها عايشين
748,machi ra9ya omajatch m3a elhjja,,ماشي راقيا أُماجاتش معا إلهجّا
749,nsamiwha sawa9ia,,نساميوها ساواقيا
750,smholi bzaf ana mabghit,,سمهولي بزاف أنا مابغيت
751,golt lik wijhat ndar dyali,,ڭولت ليك ويجهات ندار ديالي
752,matnsaych rassk otsnay li ichkrak,,ماتنسايش راسّك أُتسناي لي إشكراك
753,gheladiti 3etini lwsfa,,غلاديتي عتيني لوسفا
754,ma3raft chkon fih noba,,ماعرافت شكون فيه نوبا
755,3acha man chafk,,عاشا مان شافك
756,3ndi khebar tefer7ak,,عندي خبار تفرحاك
757,jibli l7ala olbarod,,جيبلي لحالا أُلبارود
758,makan7malch benadm motana9id,,ماكانحمالش بنادم موتاناقيد
759,sawbt bghrir o lmssaman,,ساوبت بغرير أُ لمسّامان
760,ghdi tejri woraya,,غدي تجري وورايا
761,mokhtafi howa mossalssal jdid,,موختافي هووا موسّالسّال جديد
762,4 dlbnat shabat mefahmat,,4 دلبنات سهابات مفاهمات
763,kant galssa fe9ahwa,,كانت ڭالسّا فقاهوا
764,homa sawloni o ana jawebt,,هوما ساولوني أُ أنا جاوبت
765,mayn9s min 3amri hta nhar,,ماينقس مين عامري هتا نهار
766,kanchfok f talfaza,,كانشفوك ف تالفازا
767,ana bachar machi malak,,أنا باشار ماشي مالاك
768,kol wahd 3ndo ljanib lkhayb mekhbih,,كول واهد عندو لجانيب لخايب مخبيه
769,chri lya te9achr d lbard,,شري ليا تقاشر د لبارد
770,siftkom chi 7ad 3ndi ?,,سيفتكوم شي حاد عندي ?
771,dawam l7al mina lmo7al,,داوام لحال مينا لموحال
772,danya dwara,,دانيا دوارا
773,makdboch mli galo la ti9a fik,,ماكدبوش ملي ڭالو لا تيقا فيك
774,lyom anmchi ltiran,,ليوم أنمشي لتيران
775,la3ba lbarssa,,لاعبا لبارسّا
776,kherjat oghniya jdida,,خرجات أُغنييا جديدا
777,had l3am 3eta lah zitoun,,هاد لعام عتا الله زيتون
778,kanbi3 zit lbaldiya,,كانبيع زيت لبالدييا
779,telamd 9eraw ghi lyom,,تلامد قراو غي ليوم
780,kandir reyada f sbah,,كاندير ريادا ف سباه
781,l9anoun fo9 kolchi,,لقانون فوق كولشي
782,lwazir defa3 isti9ala,,لوازير دفاع إستيقالا
783,makaynach l9raya,,ماكايناش لقرايا
784,tefarji frossom mota7arika,,تفارجي فروسّوم موتاحاريكا
785,hadi tomobila 9dima,,هادي توموبيلا قديما
786,talab mochtarak s3ib it9bal,,تالاب موشتاراك سعيب إتقبال
787,jibi nosskha min chahadat lbac,,جيبي نوسّخا مين شاهادات لباك
788,bghit nkmat 9rayti,,بغيت نكمات قرايتي
789,awal haja df3i bac 7or,,أوال حاجة دفعي باك حور
790,matn3ssoch bohdkom fdar kbira,,ماتنعسّوش بوهدكوم فدار كبيرا
791,kan9ri woldi blfloss,,كانقري وولدي بلفلوسّ
792,tewdar li lkhatm li 3titini,,تودار لي لخاتم لي عتيتيني
793,nayti safya min jihtak,,نايتي سافيا مين جيهتاك
794,sam3i lmodan kaywdan,,سامعي لمودان كايودان
795,7ali charjam l7al skhon,,حالي شارجام لحال سخون
796,9albi lbaliza lkbira,,قالبي لباليزا لكبيرا
797,9albi 3ala akhir akhbar,,قالبي عالا أخير أخبار
798,tla9it me3a lwalid,,تلاقيت معا لواليد
799,chba3 floss leghrama,,شباع فلوسّ لغراما
800,dar safliya khayba,,دار سافلييا خايبا
801,ghadi ti7 cheta had simana,,غادي تيح شتا هاد سيمانا
802,bent jiran hamla btwam,,بنت جيران هاملا بتوام
803,makaychitch liya lwa9t,,ماكايشيتش لييا لواقت
804,nehar twil ochams mazala 9as7a,,نهار تويل أُشامس مازالا قاسحا
805,a3ssabi 3la seba,,أعسّابي علا سبا
806,kherajt odarbni lbard,,خراجت أُداربني لبارد
807,fiya sekhana o tboricha,,فييا سخانا أُ تبوريشا
808,ma9adach namchi lkhdma,,ماقاداش نامشي لخدما
809,jam3i had rwina bezarba,,جامعي هاد روينا بزاربا
810,te3almi logha li tanf3ak,,تعالمي لوغا لي تانفعاك
811,kant3alam lkhiyata ta9lidiya,,كانتعالام لخيياتا تاقليدييا
812,ghedabt chehrayn fdarna,,غدابت شهراين فدارنا
813,woldat 5 dlwlad ojoj benat,,وولدات 5 دلولاد أُجوج بنات
814,tassarofatk mostafizza,,تاسّاروفاتك موستافيزّا
815,merra kbiira omrida,,مرّا كبيّرا أُمريدا
816,khedama flozin li 7edana,,خداما فلوزين لي حدانا
817,chrit lyouma wahd t3rija kbira,,شريت ليوما واهد تعريجا كبيرا
818,riwaya lli kmalt hsan mn hadi,,ريوايا اللي كمالت هسان من هادي
819,kay3jabni riwaya lbolisiya,,كايعجابني ريوايا لبوليسييا
820,riwayat lhob mazwininch,,ريوايات لهوب مازوينينش
821,lo3ba ta3limiya ta9afiya hadi,,لوعبا تاعليمييا تاقافييا هادي
822,ghanmchi l3ars ghda,,غانمشي لعارس غدا
823,3rdat 3lina mamat l3rousa,,عردات علينا مامات لعروسا
824,jat l3rousa tal dar t3rad 3lina,,جات لعروسا تال دار تعراد علينا
825,mal9atnach l3rousa fdar,,مالقاتناش لعروسا فدار
826,frhat mamat l3rousa bzzef,,فرهات مامات لعروسا بزّف
827,galt lina wach ghatjiw?,,ڭالت لينا واش غاتجيو?
828,imta ghanmchiw l3ars ?,,إمتا غانمشيو لعارس ?
829,l3ris howa lli ghadi ikhalas transport,,لعريس هووا اللي غادي إخالاس ترانسپورت
830,ghanmchiw brjal tal dowar,,غانمشيو برجال تال دووار
831,wach ghanrakbo lkamyou?,,واش غانراكبو لكاميو?
832,ghanmchiw m3a nas fsbah bkri,,غانمشيو معا ناس فسباه بكري
833,mazal ma3rafna wach dar l3a9d,,مازال ماعرافنا واش دار لعاقد
834,khwatatha ghaygalso fdar msakan,,خواتاتها غايڭالسو فدار مساكان
835,3andhoum khthoum mrida,,عاندهوم ختهوم مريدا
836,l3ris ghaylbas jlaba bida,,لعريس غايلباس جلابا بيدا
837,l3rousa ghaydiro liha l3kar,,لعروسا غايديرو ليها لعكار
838,ghaydiro lbnat lhna flyidin,,غايديرو لبنات لهنا فلييدين
839,l3rousa ghaydiro liha lhna,,لعروسا غايديرو ليها لهنا
840,ghaytaybo ghi twajan fl3ars,,غايتايبو غي تواجان فلعارس
841,ghayghaniw mn dowarna tal dowarhoum,,غايغانيو من دووارنا تال دووارهوم
842,l3yalat homa lli ghaniw,,لعيالات هوما اللي غانيو
843,rjal ghaydarbo lbandir,,رجال غايداربو لباندير
844,wahd dari ghaysout fl3owad,,واهد داري غايسوت فلعوواد
845,ghadi ighaniw chalha,,غادي إغانيو شالها
846,dowarhoum sghir,,دووارهوم سغير
847,ghadi ntlagaw tma nas jdad,,غادي نتلاڭاو تما ناس جداد
848,i9dar nmchi 3and sahbti,,إقدار نمشي عاند ساهبتي
849,ghaychtah l3rousa ol3ris ghandiw l3rousa ldarha,,غايشتاه لعروسا أُلعريس غانديو لعروسا لدارها
850,ghathayid mn tamara dyal darhoum,,غاتهاييد من تامارا ديال دارهوم
851,l3ars 3andhoum t9lidi,,لعارس عاندهوم تقليدي
852,maghaydirouch l3mariya,,ماغايديروش لعمارييا
853,ghadir l3rousa l3amariya?,,غادير لعروسا لعامارييا?
854,mafhalhoumch msakan,,مافهالهومش مساكان
855,l3ris howa lli ghaydir l3ars,,لعريس هووا اللي غايدير لعارس
856,l3rousa madartch l3ars fdarhoum,,لعروسا مادارتش لعارس فدارهوم
857,darhoum taht fzalzal,,دارهوم تاهت فزالزال
858,3aychin ghi flkhayama,,عايشين غي فلخاياما
859,hchouma idiro l3ars flkhayama,,هشوما إديرو لعارس فلخاياما
860,l3ris ghaydi l3rousa isafro,,لعريس غايدي لعروسا إسافرو
861,wach ghaydiro chahr l3asal ?,,واش غايديرو شاهر لعاسال ?
862,fin ghaydowzo chhr l3asal ?,,فين غايدووزو شهر لعاسال ?
863,l3ris ly ghayjib d9ay9iya ?,,لعريس لي غايجيب دقايقييا ?
864,ghandiro lhdiya l3rousa,,غانديرو لهدييا لعروسا
865,chno ghandiro flhdiya ?,,شنو غانديرو فلهدييا ?
866,ghanjm3o fiha lcadoyat dnas,,غانجمعو فيها لكادويات دناس
867,3rdat mamat l3rousa 3la nas,,عردات مامات لعروسا علا ناس
868,rjal mazal ma3ardo 3lihoum,,رجال مازال ماعاردو عليهوم
869,ghaythlaw tani frjal ktar mn l3yalat,,غايتهلاو تاني فرجال كتار من لعيالات
870,maghant3chaw tal wahd lwa9t,,ماغانتعشاو تال واهد لواقت
871,ghaydiro twajan l3cha,,غايديرو تواجان لعشا
872,mazal malgit tkchita ly ghatji m3aya,,مازال مالڭيت تكشيتا لي غاتجي معايا
873,ghadi nkhtar bin l9ftan otkchita,,غادي نختار بين لقفتان أُتكشيتا
874,jlaba maghadich nlbasha l3ars,,جلابا ماغاديش نلباسها لعارس
875,galt liya sahbti jlabatak mzayra,,ڭالت لييا ساهبتي جلاباتاك مزايرا
876,3andha wahd l9ftan zwin,,عاندها واهد لقفتان زوين
877,3jbni l9ftan lli lbsat l3rousa,,عجبني لقفتان اللي لبسات لعروسا
878,wach ghadir nagafa?,,واش غادير ناڭافا?
879,ma3andhach lflous bach dir nagafa,,ماعاندهاش لفلوس باش دير ناڭافا
880,tghyir loun lma froubini,,تغيير لون لما فروبيني
881,lkhawf rkab fina,,لخاوف ركاب فينا
882,ma3rafna njariw ola nwa9fo,,ماعرافنا نجاريو أُلا نواقفو
883,ma3arfoch nas mazal wach imchiw l3ars,,ماعارفوش ناس مازال واش إمشيو لعارس
884,lkhof kayjri fdam,,لخوف كايجري فدام
885,jiran kolchi kayjari,,جيران كولشي كايجاري
886,nafsiya dyali mohatama,,نافسييا ديالي موهاتاما
887,choufi mn hali rani madrour,,شوفي من هالي راني مادرور
888,chouf mn hali rani madloum,,شوف من هالي راني مادلوم
889,lhob s3ib orabta zoghbiya,,لهوب سعيب أُرابتا زوغبييا
890,l3rousa hrbat mn dar l3ars,,لعروسا هربات من دار لعارس
891,b9aw nas kayjariw i9albo 3liha,,بقاو ناس كايجاريو إقالبو عليها
892,l3ris mabghach itla3 fo9 l3amariya,,لعريس مابغاش إتلاع فوق لعامارييا
893,l3rousa taht mn l3mariya,,لعروسا تاهت من لعمارييا
894,galo ghaydiro l3ars fl9a3a,,ڭالو غايديرو لعارس فلقاعا
895,l9a3a b3ida 3lina bzzef,,لقاعا بعيدا علينا بزّف
896,ghanrkab tomobil ila ghanmchi l3ars,,غانركاب توموبيل إلا غانمشي لعارس
897,galo ghaydiro chwa fl3ars,,ڭالو غايديرو شوا فلعارس
898,darouri mn lhlib otmar fdakhla,,داروري من لهليب أُتمار فداخلا
899,ghaydiro l3asir oles soirée,,غايديرو لعاسير أُلس سورé
900,sahbti katchtah fo9 l93da,,ساهبتي كاتشتاه فوق لقعدا
901,tmanit idiro lbastila dlhout,,تمانيت إديرو لباستيلا دلهوت
902,twahacht djaj mhamar m3a dghmira,,تواهاشت دجاج مهامار معا دغميرا
903,l3ris ghbar lih latar,,لعريس غبار ليه لاتار
904,mchaw dar l3doul idiro l3a9ad,,مشاو دار لعدول إديرو لعاقاد
905,darouri isiniw bjouj 3la l3a9ad,,داروري إسينيو بجوج علا لعاقاد
906,dkhlo group dlmoghaniyin l9a3a,,دخلو ڭروپ دلموغانييين لقاعا
907,ghayjibo lhdarat fl3ars,,غايجيبو لهدارات فلعارس
908,zw9o tomobil dyal l3arsan,,زوقو توموبيل ديال لعارسان
909,l3ars ghaydirouh fdowar,,لعارس غايديروه فدووار
910,ghaydabho lbagra fl3ars,,غايدابهو لباڭرا فلعارس
911,l3yalat kaydiro zgharit,,لعيالات كايديرو زغاريت
912,rjal jabo lihoum lf9ih,,رجال جابو ليهوم لفقيه
913,ghanbda riwaya jdida,,غانبدا ريوايا جديدا
914,achmn riwaya 9riti lyouma ?,,أشمن ريوايا قريتي ليوما ?
915,chhar wana kan9ra fwahd riwaya,,شهار وانا كانقرا فواهد ريوايا
916,wach ghathanini mn had lhoutala,,واش غاتهانيني من هاد لهوتالا
917,kolchi khasou isali lyouma,,كولشي خاسو إسالي ليوما
918,ana mab9itch 9atdra nsbar l9lil lhya,,أنا مابقيتش قاتدرا نسبار لقليل لهيا
919,lbatal 3rf chkon bah lhakiki,,لباتال عرف شكون باه لهاكيكي
920,lkhoutoba tfskhat,,لخوتوبا تفسخات
921,mab9atch ghaytzawaj bl mouhandisa,,مابقاتش غايتزاواج بل موهانديسا
922,lmouhandis samam wahd dar zwina,,لموهانديس سامام واهد دار زوينا
923,had dar hiya likant kanhlam biha,,هاد دار هييا ليكانت كانهلام بيها
924,mn chhal hadi wana bghit tkoun 3andi dar,,من شهال هادي وانا بغيت تكون عاندي دار
925,lmohandis dar blan zwin ldar,,لموهانديس دار بلان زوين لدار
926,chkon had lkhiyat likatkhayti 3ando,,شكون هاد لخييات ليكاتخايتي عاندو
927,sir jib lham 3and lgazar,,سير جيب لهام عاند لڭازار
928,mcha iwajah bah lhakiki,,مشا إواجاه باه لهاكيكي
929,khba 3lih lhakika mn chhal hadi,,خبا عليه لهاكيكا من شهال هادي
930,mli kan sghir tkhala 3lih,,ملي كان سغير تخالا عليه
931,ghir 3raf bli lmra hamla tkhala 3liha,,غير عراف بلي لمرا هاملا تخالا عليها
932,hiya rbat lwald bouhdha,,هييا ربات لوالد بوهدها
933,ghaysali l3ars fsbah bkri,,غايسالي لعارس فسباه بكري
934,l3ars kayn ha9an blil ?,,لعارس كاين هاقان بليل ?
935,daro l3ars fnhar,,دارو لعارس فنهار
936,galo lihoum nas mabrouk l3ars,,ڭالو ليهوم ناس مابروك لعارس
937,khti tzad 3andha wald,,ختي تزاد عاندها والد
938,khouya wldat mrato bant,,خويا ولدات مراتو بانت
939,kano baghyin itzad 3andhoum wald,,كانو باغيين إتزاد عاندهوم والد
940,ghaydouz 7 jour ghaydiro l3a9i9a,,غايدوز 7 جور غايديرو لعاقيقا
941,ghaydabho lih hawli nhar 7 iyam,,غايدابهو ليه هاولي نهار 7 إيام
942,ghay3ardo nas fsbou3,,غايعاردو ناس فسبوع
943,ghaydiro sbou3 fl9a3a,,غايديرو سبوع فلقاعا
944,waldi kayt3alam fonoun l9ital,,والدي كايتعالام فونون لقيتال
945,bnt jiran kadir lkarati,,بنت جيران كادير لكاراتي
946,tazawajih 9ari2an,,تازاواجيه قاريأن
947,ra9s char9i howa lli dart sahbti,,راقس شارقي هووا اللي دارت ساهبتي
948,darou' lih mofaja2a f3arso,,دارو' ليه موفاجاأ فعارسو
949,dazt lkhotouba zwina,,دازت لخوتوبا زوينا
950,3rdat 3liya sahbti lkhotoubtha,,عردات علييا ساهبتي لخوتوبتها
951,3rad 3liya sahbi l3arso,,عراد علييا ساهبي لعارسو
952,dart lhna flkhotba,,دارت لهنا فلخوتبا
953,lmalabis dakhiliya wlat ghalya,,لمالابيس داخيلييا ولات غاليا
954,chrit malabis dakhiliya jdadin,,شريت مالابيس داخيلييا جدادين
955,3jboni malabis dakhiliya fso9,,عجبوني مالابيس داخيلييا فسوق
956,daro chihab nariya fl3ars,,دارو شيهاب نارييا فلعارس
957,tal9o chihab nariya fsma,,تالقو شيهاب نارييا فسما
958,had chihab nariya fiha bzzef dlwan,,هاد شيهاب نارييا فيها بزّف دلوان
959,khbaw drari chihab nariya taht lhjar,,خباو دراري شيهاب نارييا تاهت لهجار
960,taybat khbizat m3amrin,,تايبات خبيزات معامرين
961,jaw lkhbizat mwar9in,,جاو لخبيزات موارقين
962,thrgat lina lboula lli flbit,,تهرڭات لينا لبولا اللي فلبيت
963,kan 3andi sokour mkhabiyah,,كان عاندي سوكور مخابيياه
964,lbid obtata mhrougin fl3cha,,لبيد أُبتاتا مهروڭين فلعشا
965,bayna lyouma ghanmoto bjou3,,باينا ليوما غانموتو بجوع
966,taht lmcha fo9 lmida,,تاهت لمشا فوق لميدا
967,hna dima 3ndna rawaj,,هنا ديما عندنا راواج
968,stahlak blama thlak,,ستاهلاك بلاما تهلاك
969,nafs lhaja t3awdat 3andi chhal mn mra,,نافس لحاجة تعاودات عاندي شهال من مرا
970,lf9ih sad 3la mrato fdar,,لفقيه ساد علا مراتو فدار
971,lf9ih dkhal lmsjid bsbato,,لفقيه دخال لمسجيد بسباتو
972,tsad 3lihoum lbab,,تساد عليهوم لباب
973,galo bli jartna hamla,,ڭالو بلي جارتنا هاملا
974,mabghatch mamaha thmal,,مابغاتش ماماها تهمال
975,lwlad zinat lhayat,,لولاد زينات لهايات
976,lmadahir khada3a,,لماداهير خاداعا
977,dahiroho laysa kabatinih,,داهيروهو لايسا كاباتينيه
978,farcho zrabi fl9a3a,,فارشو زرابي فلقاعا
979,nad kolchi kaychtah,,ناد كولشي كايشتاه
980,karho nas l3rasat,,كارهو ناس لعراسات
981,l3rasat kaykono fsif,,لعراسات كايكونو فسيف
982,lbard machi dyal l3ars,,لبارد ماشي ديال لعارس
983,l3otla jaya ghaydiro l3ars,,لعوتلا جايا غايديرو لعارس
984,chkoun kla tfaha kamla?,,شكون كلا تفاها كاملا?
985,dghoul hada,,دغول هادا
986,had lbil khdam mzyan,,هاد لبيل خدام مزيان
987,lpil darouri fjbal,,لپيل داروري فجبال
988,jdaha jaha zhaymar,,جداها جاها زهايمار
989,chnahowa zhayimar?,,شناهووا زهاييمار?
990,zhaymar howa nisyan,,زهايمار هووا نيسيان
991,khayib tnsa wladak,,خاييب تنسا ولاداك
992,matb9a 3a9al 3la chrik hyatak,,ماتبقا عاقال علا شريك هياتاك
993,dowaz hyato s3iba,,دوواز هياتو سعيبا
994,tfrg3at khancha dyal dgig,,تفرڭعات خانشا ديال دڭيڭ
995,jaw 3ndha bzzef dyal dyaf,,جاو عندها بزّف ديال دياف
996,drari labsin lkostum,,دراري لابسين لكوستوم
997,lbnat lbso lbsa dyal chalha,,لبنات لبسو لبسا ديال شالها
998,jat 3gouztha mn lblad,,جات عڭوزتها من لبلاد
999,dazo lbisat wa3rin dyal nagafa,,دازو لبيسات واعرين ديال ناڭافا
1000,zawjouha mazala sghira,,زاوجوها مازالا سغيرا
1001,chrfat 3ad tzowjat,,شرفات عاد تزووجات
1002,l3ris kbar mn baha,,لعريس كبار من باها
1003,fin dbrat 3la had lmarka,,فين دبرات علا هاد لماركا
1004,t3aychi m3a lwad3 ortahi,,تعايشي معا لوادع أُرتاهي
1005,hsan wajho bzizwar,,هسان واجهو بزيزوار
1006,kat3awad liha 3la l3rousa,,كاتعاواد ليها علا لعروسا
1007,frhat hit kabro biha nas,,فرهات هيت كابرو بيها ناس
1008,kolchi mrtah ofrhan,,كولشي مرتاه أُفرهان
1009,3ailt l3ris kbrat bl3rousa,,عايلت لعريس كبرات بلعروسا
1010,khwatat l3ris ghi kaybadlo,,خواتات لعريس غي كايبادلو
1011,khwalat l3ris jabo wladhoum,,خوالات لعريس جابو ولادهوم
1012,jarna dar hadita momita,,جارنا دار هاديتا موميتا
1013,bghit ndir chi chhiwa mo3tabara,,بغيت ندير شي شهيوا موعتابارا
1014,ghadi nsoum rmdan,,غادي نسوم رمدان
1015,siyam zwin kayhafad 3la siha,,سييام زوين كايهافاد علا سيها
1016,samti lbarah ?,,سامتي لباراه ?
1017,siyam fih ajar kbir,,سييام فيه أجار كبير
1018,kaysomo lbnat olwlad,,كايسومو لبنات أُلولاد
1019,lom hiya lli kayhafad 3la wladha,,لوم هييا اللي كايهافاد علا ولادها
1020,katkhali mslahtha odir dyal wladha,,كاتخالي مسلاهتها أُدير ديال ولادها
1021,daro lkhtba fdar jdida,,دارو لختبا فدار جديدا
1022,khasna nbarkoo liha dar jdida,,خاسنا نباركو ليها دار جديدا
1023,lboula ila tfrg3at mochkila,,لبولا إلا تفرڭعات موشكيلا
1024,bsahti tadwicha olmassag,,بساهتي تادويشا أُلماسّاڭ
1025,lmassag kaydar ghali fcenter,,لماسّاڭ كايدار غالي فسنتر
1026,centre ly 9rit fih zwin,,سنتر لي قريت فيه زوين
1027,tlagit m3a bnat nas,,تلاڭيت معا بنات ناس
1028,3mato m9ablin l9il ol9al,,عماتو مقابلين لقيل أُلقال
1029,jat l3rousa labsa salham,,جات لعروسا لابسا سالهام
1030,kolchi hadi l3rousa ol3ris,,كولشي هادي لعروسا أُلعريس
1031,3ftat lih 3la rjlih,,عفتات ليه علا رجليه
1032,dima imchi klamha 3la klamo,,ديما إمشي كلامها علا كلامو
1033,khas chi hel lahd lmouchkil,,خاس شي هل لاهد لموشكيل
1034,galou bli hadchi likayw9a3 rah khatir,,ڭالو بلي هادشي ليكايوقاع راه خاتير
1035,kolchi na3as ana 3asa 3lihom,,كولشي ناعاس أنا عاسا عليهوم
1036,ydi t9ila 3liya kanhas brasi m3asba,,يدي تقيلا علييا كانهاس براسي معاسبا
1037,hadchi liw9ah mouakharn makhlach 3andi tarkiz,,هادشي ليوقاه مواخارن ماخلاش عاندي تاركيز
1038,achnou liw9a3 lik bach tgoli had lhdra,,أشنو ليوقاع ليك باش تڭولي هاد لهدرا
